{
    "answers": {
        "phase": "coding",
        "action": "source code authoring",
        "scope": "backend",
        "action experience": 3,
        "language": "sql",
        "other language": "n/a",
        "aimodel": "open source",
        "aimodel version": "n/a",
        "open source aimodel": "deepseek r1",
        "tool option": "open source",
        "experience with tool": 4,
        "time allocated (h)": "0.5",
        "time saved estimate (h)": "1", 
        "quality of ai help": 4,
        "knowledge acquired": 3,
        "generic feeling - now": 4,
        "generic feeling - future": 4,
        "threat level": 1,
        "notes": "Error with db debugging. Mysql wasnt installed."
    }
}
