{
    "answers": {
        "phase": "coding",
        "action": "code management",
        "scope": "github operations",
        "action experience": 2,
        "language": "other",
        "other language": "bash",
        "aimodel": "open source",
        "aimodel version": "",
        "open source aimodel": "deepseek r1",
        "tool option": "open source",
        "experience with tool": 3,
        "time allocated (h)": "1",
        "time saved estimate (h)": "2", 
        "quality of ai help": 2,
        "knowledge acquired": 4,
        "generic feeling - now": 3,
        "generic feeling - future": 4,
        "threat level": 1,
        "notes": "accidentally commited code with other account. I asked deepseek how i can revert that. It didnt fully work"
    }
}
