{
    "answers": {
        "phase": "coding",
        "action": "source code authoring",
        "scope": "frontend",
        "action experience": 4,
        "language": "js",
        "other language": "n/a",
        "aimodel": "chatgpt",
        "aimodel version": "4",
        "open source aimodel": "n/a",
        "tool option": "online free",
        "experience with tool": 5,
        "time allocated (h)": "0.25",
        "time saved estimate (h)": "0.5", 
        "quality of ai help": 5,
        "knowledge acquired": 4,
        "generic feeling - now": 4,
        "generic feeling - future": 4,
        "threat level": 1,
        "notes": "Received a detailed explanation of the window, document, and event objects in JavaScript, with examples and best practices."
    }
}
