{
    "answers": {
        "phase": "coding",
        "action": "source code authoring",
        "scope": "backend",
        "action experience": 2,
        "language": "python",
        "other language": "n/a",
        "aimodel": "open source",
        "aimodel version": "n/a",
        "open source aimodel": "deepseek r1",
        "tool option": "open source",
        "experience with tool": 2,
        "time allocated (h)": "0.5",
        "time saved estimate (h)": "0", 
        "quality of ai help": 1,
        "knowledge acquired": 0,
        "generic feeling - now": 2,
        "generic feeling - future": 4,
        "threat level": 1,
        "notes": "Asked Deepseek how to do the cli and returned python code. I said i want to do it with node js it said that the server is busy"
    }
}
