{
    "answers": {
        "phase": "testing", 
        "action": "functional testing",
        "scope": "backend",
        "action experience": 3,
        "language": "n/a", 
        "other language": "n/a",
        "aimodel": "chatgpt",
        "aimodel version": "v4",
        "open source aimodel": "n/a",
        "tool option":  "online full",
        "experience with tool": 4,
        "time allocated (h)": "0.1",
        "time saved estimate (h)": "0.3", 
        "quality of ai help": 5,
        "knowledge acquired": 3,
        "generic feeling - now": 3,
        "generic feeling - future": 4,
        "threat level": 1,
        "notes": ""
    }
}