{
    "answers": {
        "phase":"coding",
        "action": "source code authoring",
        "scope": "backend",
        "action experience": 2,
        "language": "sql",
        "other language": "n/a",
        "aimodel": "chatgpt",
        "aimodel version": "4",
        "open source aimodel": "n/a",
        "tool option": "online free",
        "experience with tool": 4,
        "time allocated (h)": "0.25",
        "time saved estimate (h)": "0.5", 
        "quality of ai help": 4,
        "knowledge acquired": 3,
        "generic feeling - now": 4,
        "generic feeling - future": 4,
        "threat level": 1,
        "notes": "error with mysql user"
    }
}
