{
    "answers": {
        "phase": "requirements gathering",
        "action": "architectural decision",
        "scope": "uml state",
        "action experience": 2,
        "language": "n/a",
        "other language": "n/a",
        "aimodel": "chatgpt",
        "aimodel version": "v4",
        "open source aimodel": "n/a",
        "tool option": "online full",
        "experience with tool": 4,
        "time allocated (h)": "0.3",
        "time saved estimate (h)": "2", 
        "quality of ai help": 3,
        "knowledge acquired": 3,
        "generic feeling - now": 3,
        "generic feeling - future": 3,
        "threat level": 1,
        "notes": ""
    }
}