{
    "answers": {
        "phase": "coding",
        "action": "code management",
        "scope": "frontend",
        "action experience": 2,
        "language": "js",
        "other language": "html",
        "aimodel": "gemini",
        "aimodel version": "2.0",
        "open source aimodel": "n/a",
        "tool option": "online free",
        "experience with tool": 2,
        "time allocated (h)": "0.15",
        "time saved estimate (h)": "1.5", 
        "quality of ai help": 2,
        "knowledge acquired": 3,
        "generic feeling - now": 3,
        "generic feeling - future": 4,
        "threat level": 1,
        "notes": "Gemini provided a structured breakdown of `banner.html` and `dashboard.html`. It helped clarify their roles, JavaScript functionality, and modular approach, though some insights were already known."
    }
}
