{
    "answers": {
        "phase": "coding",
        "action": "source code authoring",
        "scope": "frontend",
        "action experience": 4,
        "language": "js",
        "other language": "html",
        "aimodel": "chatgpt",
        "aimodel version": "4",
        "open source aimodel": "n/a",
        "tool option": "online free",
        "experience with tool": 4,
        "time allocated (h)": "0.5",
        "time saved estimate (h)": "2", 
        "quality of ai help": 4,
        "knowledge acquired": 4,
        "generic feeling - now": 4,
        "generic feeling - future": 4,
        "threat level": 1,
        "notes": "had an issue with url keeping the username"
    }
}
