{
    "answers": {
        "phase": "coding",
        "action": "code management",
        "scope": "github operations",
        "action experience": 3,
        "language": "other",
        "other language": "bash",
        "aimodel": "open source",
        "aimodel version": "n/a",
        "open source aimodel": "deepseek R1",
        "tool option": "open source",
        "experience with tool": 2,
        "time allocated (h)": "0.5",
        "time saved estimate (h)": "0", 
        "quality of ai help": 1,
        "knowledge acquired": 3,
        "generic feeling - now": 2,
        "generic feeling - future": 4,
        "threat level": 1,
        "notes": "asked deepseek how to commit changes"
    }
}
